timestamp,ver,product_family,country,device_type,os,checkout_failure_count,payment_api_failure_count,purchase_count,revenue
5/21/2018 4:25,ECOM_200,Clothes,USA,Mobile,iOS,3447.299,1559.9475,12194.1727,15875.2994
5/21/2018 4:25,ECOM_200,Shoes,USA,Mobile,iOS,1392.5347,2296.5252,8400.3403,21205.6709
5/21/2018 4:25,ECOM_200,Clothes,Canada,Mobile,iOS,1675.1571,1947.7226,13495.8495,10038.1536
5/21/2018 4:25,ECOM_200,Shoes,Canada,Mobile,iOS,2981.3574,1713.4418,13219.1752,12284.1115
5/21/2018 4:25,ECOM_200,Clothes,GreatBritain,Mobile,iOS,1645.2023,2421.2252,12638.2704,12731.9761
